Symbol,Name,Last Sale,Net Change,% Change,Market Cap,Country,IPO Year,Volume,Sector,Industry
A,Agilent Technologies Inc. Common Stock,$115.15 ,1.57,1.38%,10000,United States,1999,1118130,Capital Goods,Biotechnology: Laboratory Analytical Instruments
AAL,American Airlines Group Inc. Common Stock,$16.40 ,0.31,1.93%,10000,United States,,117086898,Transportation,Air Freight/Delivery Services
AAP,Advance Auto Parts Inc Advance Auto Parts Inc W/I,$152.47 ,2.33,1.55%,10000,United States,,607679,Consumer Services,Other Specialty Stores
AAPL,Apple Inc. Common Stock,$122.25 ,0.69,0.56%,10000,United States,1980,78159669,Technology,Computer Manufacturing
ABBV,AbbVie Inc. Common Stock,$107.28 ,2.54,2.43%,10000,United States,2012,7233451,Health Care,Major Pharmaceuticals
ABC,AmerisourceBergen Corporation Common Stock,$102.98 ,1.48,1.46%,10000,United States,,873129,Health Care,Other Pharmaceuticals
ABMD,ABIOMED Inc. Common Stock,$272.61 ,5.77,2.16%,10000,United States,,232488,Health Care,Medical/Dental Instruments
ABT,Abbott Laboratories Common Stock,$107.90 ,0.37,0.34%,10000,United States,,4686764,Health Care,Major Pharmaceuticals
ADBE,Adobe Inc. Common Stock,$486.00 ,1.72,0.36%,10000,United States,1986,2745901,Technology,Computer Software: Prepackaged Software
ADI,Analog Devices Inc. Common Stock,$143.97 ,4.22,3.02%,10000,United States,,3349005,Technology,Semiconductors
ADM,ArcherDanielsMidland Company Common Stock,$50.57 ,0.76,1.53%,10000,United States,,2156833,Consumer NonDurables,Packaged Foods
ADP,Automatic Data Processing Inc. Common Stock,$174.79 ,2.7,1.57%,10000,United States,,1022619,Technology,EDP Services
ADSK,Autodesk Inc. Common Stock,$278.00 ,0.71,0.26%,10000,United States,,1688179,Technology,Computer Software: Prepackaged Software
AEE,Ameren Corporation Common Stock,$77.08 ,0.83,1.07%,10000,United States,,1123095,Public Utilities,Power Generation
AEP,American Electric Power Company Inc. Common Stock,$83.39 ,1.35,1.59%,10000,United States,,3093465,Public Utilities,Electric Utilities: Central
AES,The AES Corporation Common Stock,$21.07 ,0.09,0.43%,10000,United States,,4094489,Basic Industries,Electric Utilities: Central
AFL,AFLAC Incorporated Common Stock,$46.29 ,0.6,1.31%,10000,United States,,4835934,Finance,Accident &Health Insurance
AGR,Avangrid Inc. Common Stock,$46.62 ,0.15,0.32%,10000,United States,2015,445014,Public Utilities,Electric Utilities: Central
AIG,American International Group Inc. New Common Stock,$40.69 ,0.85,2.13%,10000,United States,,4597810,Finance,PropertyCasualty Insurers
AJG,Arthur J. Gallagher & Co. Common Stock,$116.02 ,0.25,0.22%,10000,United States,,556719,Finance,Specialty Insurers
AKAM,Akamai Technologies Inc. Common Stock,$104.19 ,0.1,0.10%,10000,United States,1999,1370244,Miscellaneous,Business Services
ALB,Albemarle Corporation Common Stock,$139.22 ,7.5,5.69%,10000,United States,,1157925,Basic Industries,Major Chemicals
ALGN,Align Technology Inc. Common Stock,$521.72 ,10.72,2.10%,10000,United States,2001,635231,Health Care,Industrial Specialties
ALL,Allstate Corporation (The) Common Stock,$104.36 ,0.53,0.51%,10000,United States,,1243937,Finance,PropertyCasualty Insurers
ALLE,Allegion plc Ordinary Shares,$114.54 ,0.77,0.68%,10000,United States,2013,840348,Consumer Services,Diversified Commercial Services
ALLY,Ally Financial Inc. Common Stock,$32.10 ,0.93,2.98%,10000,United States,2014,7920025,Finance,Major Banks
ALNY,Alnylam Pharmaceuticals Inc. Common Stock,$129.56 ,1.61,1.23%,10000,United States,2004,320585,Health Care,Major Pharmaceuticals
ALXN,Alexion Pharmaceuticals Inc. Common Stock,$120.51 ,0.55,0.45%,10000,United States,1996,1012288,Health Care,Major Pharmaceuticals
AMAT,Applied Materials Inc. Common Stock,$88.84 ,2.74,3.18%,10000,United States,1972,6875458,Technology,Semiconductors
AMD,Advanced Micro Devices Inc. Common Stock,$94.04 ,1.73,1.87%,10000,United States,,45532244,Technology,Semiconductors
AME,AMETEK Inc.,$116.84 ,2.41,2.11%,10000,United States,,858615,Capital Goods,Industrial Machinery/Components
AMGN,Amgen Inc. Common Stock,$229.21 ,2.3,1.01%,10000,United States,1983,2011777,Health Care,Biotechnology: Biological Products (No Diagnostic Substances)
AMP,Ameriprise Financial Inc. Common Stock,$196.28 ,1.57,0.81%,10000,United States,,514190,Finance,Investment Managers
AMT,American Tower Corporation (REIT) Common Stock,$228.67 ,2.45,1.08%,10000,United States,,3298379,Consumer Services,Real Estate Investment Trusts
AMZN,Amazon.com Inc. Common Stock,$3162.58 ,24.15,0.76%,10000,United States,1997,2906282,Consumer Services,Catalog/Specialty Distribution
ANSS,ANSYS Inc. Common Stock,$343.47 ,5.93,1.76%,10000,United States,1996,294328,Technology,Computer Software: Prepackaged Software
ANTM,Anthem Inc. Common Stock,$323.27 ,0.24,0.07%,10000,United States,,931400,Health Care,Medical Specialities
AON,Aon plc Class A Ordinary Shares (Ireland),$211.60 ,1.42,0.68%,10000,United States,,1094358,Finance,Specialty Insurers
APD,Air Products and Chemicals Inc. Common Stock,$273.76 ,6.51,2.44%,10000,United States,,1587123,Basic Industries,Major Chemicals
APH,Amphenol Corporation Common Stock,$132.91 ,1.21,0.92%,10000,United States,,1418089,Capital Goods,Electrical Products
APO,Apollo Global Management Inc. Class A Common Stock,$48.50 ,1.87,4.01%,10000,United States,2011,899594,Finance,Investment Managers
APPN,Appian Corporation Class A Common Stock,$151.22 ,4.12,2.80%,10000,United States,2017,2034144,Technology,Computer Software: Prepackaged Software
ARE,Alexandria Real Estate Equities Inc. Common Stock,$170.94 ,3.21,1.91%,10000,United States,,659771,Consumer Services,Real Estate Investment Trusts
ATO,Atmos Energy Corporation Common Stock,$97.27 ,0.75,0.78%,10000,United States,,1123931,Public Utilities,Oil/Gas Transmission
ATUS,Altice USA Inc. Class A Common Stock,$34.71 ,0.07,0.20%,10000,United States,2017,5446742,Consumer Services,Television Services
ATVI,Activision Blizzard Inc. Common Stock,$80.88 ,2.09,2.65%,10000,United States,,6412724,Technology,Computer Software: Prepackaged Software
AVB,AvalonBay Communities Inc. Common Stock,$173.84 ,2.71,1.58%,10000,United States,,1012443,Consumer Services,Real Estate Investment Trusts
AVGO,Broadcom Inc. Common Stock,$411.68 ,11.88,2.97%,10000,United States,2009,2006852,Technology,Semiconductors
AVLR,Avalara Inc. Common Stock,$167.00 ,0.83,0.50%,10000,United States,2018,634258,Technology,Computer Software: Prepackaged Software
AVY,Avery Dennison Corporation Common Stock,$154.04 ,4.17,2.78%,10000,United States,,313830,Consumer Durables,Containers/Packaging
AWK,American Water Works Company Inc. Common Stock,$148.90 ,3.58,2.35%,10000,United States,2008,1318422,Public Utilities,Water Supply
AXP,American Express Company Common Stock,$125.04 ,1.92,1.56%,10000,United States,,5047812,Finance,Finance: Consumer Services
AZO,AutoZone Inc. Common Stock,$1162.63 ,8.62,0.75%,10000,United States,,208213,Consumer Services,Other Specialty Stores
BA,Boeing Company (The) Common Stock,$232.71 ,4.49,1.89%,10000,United States,,29333465,Capital Goods,Aerospace
BAC,Bank of America Corporation Common Stock,$29.29 ,0.38,1.31%,10000,United States,,66144784,Finance,Major Banks
BAH,Booz Allen Hamilton Holding Corporation Common Stock,$88.43 ,0.05,0.06%,10000,United States,2010,518241,Consumer Services,Professional Services
BAX,Baxter International Inc. Common Stock,$78.00 ,1.68,2.20%,10000,United States,,3223461,Health Care,Medical/Dental Instruments
BBY,Best Buy Co. Inc. Common Stock,$105.57 ,0.97,0.91%,10000,United States,,3655550,Consumer Services,Consumer Electronics/Video Chains
BDX,Becton Dickinson and Company Common Stock,$242.76 ,4.25,1.78%,10000,United States,,2360862,Health Care,Medical/Dental Instruments
BEN,Franklin Resources Inc. Common Stock,$23.71 ,0.75,3.27%,10000,United States,,3156704,Finance,Investment Managers
BFAM,Bright Horizons Family Solutions Inc. Common Stock,$166.00 ,1.12,0.68%,10000,United States,2013,407107,Miscellaneous,Other Consumer Services
BIIB,Biogen Inc. Common Stock,$245.87 ,1.78,0.73%,10000,United States,,960015,Health Care,Biotechnology: Biological Products (No Diagnostic Substances)
BIO,BioRad Laboratories Inc. Class A Common Stock,$559.40 ,6.13,1.11%,10000,United States,,472943,Capital Goods,Biotechnology: Laboratory Analytical Instruments
BK,The Bank of New York Mellon Corporation Common Stock,$40.65 ,0.53,1.32%,10000,United States,,5224280,Finance,Major Banks
BKNG,Booking Holdings Inc. Common Stock,$2125.03 ,28.4,1.36%,10000,United States,,339366,Consumer Services,Transportation Services
BLK,BlackRock Inc. Common Stock,$703.47 ,11.95,1.67%,10000,United States,1999,816135,Finance,Investment Bankers/Brokers/Service
BLL,Ball Corporation Common Stock,$94.16 ,1.52,1.64%,10000,United States,,1983262,Consumer Durables,Containers/Packaging
BMRN,BioMarin Pharmaceutical Inc. Common Stock,$79.61 ,0.51,0.65%,10000,United States,1999,623451,Health Care,Major Pharmaceuticals
BMY,BristolMyers Squibb Company Common Stock,$62.31 ,0.53,0.86%,10000,United States,,8061909,Health Care,Major Pharmaceuticals
BR,Broadridge Financial Solutions Inc.Common Stock,$149.22 ,1.21,0.82%,10000,United States,,454030,Miscellaneous,Business Services
BRO,Brown & Brown Inc. Common Stock,$44.81 ,0.2,0.45%,10000,United States,,1091335,Finance,Specialty Insurers
BSX,Boston Scientific Corporation Common Stock,$34.41 ,0.6,1.78%,10000,United States,,26382412,Health Care,Medical/Dental Instruments
BX,The Blackstone Group Inc. Class A Common Stock,$62.04 ,0.64,1.04%,10000,United States,2007,1472824,Finance,Investment Managers
BXP,Boston Properties Inc. Common Stock,$105.32 ,1.99,1.93%,10000,United States,1997,814257,Consumer Services,Real Estate Investment Trusts
C,Citigroup Inc. Common Stock,$58.62 ,2.04,3.61%,10000,United States,,24687025,Finance,Major Banks
CABO,Cable One Inc. Common Stock,$2110.18 ,46.77,2.27%,10000,United States,2015,45558,Consumer Services,Television Services
CAG,ConAgra Brands Inc. Common Stock,$35.49 ,0.11,0.31%,10000,United States,,6138519,Consumer NonDurables,Packaged Foods
CAH,Cardinal Health Inc. Common Stock,$56.99 ,1.56,2.81%,10000,United States,,2223481,Health Care,Other Pharmaceuticals
CAT,Caterpillar Inc. Common Stock,$182.21 ,7.58,4.34%,10000,United States,,6083977,Capital Goods,Construction/Ag Equipment/Trucks
CBRE,CBRE Group Inc Common Stock Class A,$65.74 ,1.96,3.07%,10000,United States,,1871307,Finance,Real Estate
CCI,Crown Castle International Corp. (REIT) Common Stock,$163.50 ,3.94,2.35%,10000,United States,,2520498,,
CCK,Crown Holdings Inc.,$98.25 ,1.64,1.70%,10000,United States,,552458,Consumer Durables,Containers/Packaging
CCL,Carnival Corporation Common Stock,$23.45 ,0.57,2.49%,10000,United States,1987,65039648,Consumer Services,Marine Transportation
CDAY,Ceridian HCM Holding Inc. Common Stock,$97.42 ,2.69,2.84%,10000,United States,2018,1046783,Technology,Computer Software: Prepackaged Software
CDNS,Cadence Design Systems Inc. Common Stock,$118.34 ,1.66,1.42%,10000,United States,,1160299,Technology,Computer Software: Prepackaged Software
CDW,CDW Corporation Common Stock,$133.50 ,2.25,1.71%,10000,United States,2013,925359,Consumer Services,Catalog/Specialty Distribution
CE,Celanese Corporation Celanese Corporation Common Stock,$132.64 ,2.94,2.27%,10000,United States,2005,1634145,Basic Industries,Major Chemicals
CERN,Cerner Corporation Common Stock,$74.29 ,0.4,0.54%,10000,United States,1986,1443676,Technology,EDP Services
CFG,Citizens Financial Group Inc. Common Stock,$35.43 ,0.84,2.43%,10000,United States,2014,3605804,Finance,Major Banks
CG,The Carlyle Group Inc. Common Stock,$29.07 ,0.26,0.90%,10000,United States,2012,1081114,Finance,Investment Managers
CGNX,Cognex Corporation Common Stock,$76.45 ,1.86,2.49%,10000,United States,1989,734136,Capital Goods,Industrial Machinery/Components
CHD,Church & Dwight Company Inc. Common Stock,$86.34 ,0.25,0.29%,10000,United States,,1109320,Basic Industries,Package Goods/Cosmetics
CHRW,C.H. Robinson Worldwide Inc. Common Stock,$92.93 ,0.4,0.43%,10000,United States,1997,965567,Transportation,Oil Refining/Marketing
CHTR,Charter Communications Inc. Class A Common Stock New,$670.74 ,0.31,0.05%,10000,United States,,685901,Consumer Services,Television Services
CI,Cigna Corporation Common Stock,$217.65 ,4.26,2.00%,10000,United States,,1629491,Health Care,Medical Specialities
CINF,Cincinnati Financial Corporation Common Stock,$82.96 ,1.26,1.54%,10000,United States,,886455,Finance,PropertyCasualty Insurers
CL,ColgatePalmolive Company Common Stock,$85.03 ,0.16,0.19%,10000,United States,,3142640,Consumer NonDurables,Package Goods/Cosmetics
CLX,Clorox Company (The) Common Stock,$199.98 ,1.25,0.62%,10000,United States,,2071357,Consumer Durables,Specialty Chemicals
CMCSA,Comcast Corporation Class A Common Stock,$51.69 ,0.1,0.19%,10000,United States,,12257244,Consumer Services,Television Services
CME,CME Group Inc. Class A Common Stock,$184.03 ,2.32,1.28%,10000,United States,2002,1323173,Finance,Investment Bankers/Brokers/Service
CMG,Chipotle Mexican Grill Inc. Common Stock,$1334.62 ,25.86,1.98%,10000,United States,2006,215463,Consumer Services,Restaurants
CMI,Cummins Inc. Common Stock,$219.93 ,0.41,0.19%,10000,United States,,1544808,Energy,Industrial Machinery/Components
CMS,CMS Energy Corporation Common Stock,$59.77 ,1.18,1.94%,10000,United States,,1111646,Public Utilities,Power Generation
CNC,Centene Corporation Common Stock,$64.60 ,0.92,1.45%,10000,United States,,2499856,Health Care,Medical Specialities
CNP,CenterPoint Energy Inc (Holding Co) Common Stock,$22.86 ,0.07,0.31%,10000,United States,,3552935,Public Utilities,Electric Utilities: Central
COF,Capital One Financial Corporation Common Stock,$92.24 ,0.96,1.05%,10000,United States,1994,2187806,Finance,Major Banks
COO,The Cooper Companies Inc. Common Stock,$345.71 ,7.73,2.29%,10000,United States,,454672,Health Care,Ophthalmic Goods
COP,ConocoPhillips Common Stock,$44.27 ,3.07,7.45%,10000,United States,,12729984,Energy,Integrated oil Companies
COST,Costco Wholesale Corporation Common Stock,$373.43 ,0.62,0.17%,10000,United States,,2837750,Consumer Services,Department/Specialty Retail Stores
COUP,Coupa Software Incorporated Common Stock,$318.15 ,1.03,0.32%,10000,United States,2016,1255858,Technology,Computer Software: Prepackaged Software
CPB,Campbell Soup Company Common Stock,$48.50 ,0.24,0.49%,10000,United States,,1627904,Consumer NonDurables,Packaged Foods
CPRT,Copart Inc. (DE) Common Stock,$112.09 ,2.91,2.53%,10000,United States,1994,1363594,Consumer Durables,Automotive Aftermarket
CQP,Cheniere Energy Partners LP Cheniere Energy Partners LP Common Units,$39.29 ,0.11,0.28%,10000,United States,2007,149775,Public Utilities,Oil/Gas Transmission
CREE,Cree Inc. Common Stock,$93.50 ,1.68,1.83%,10000,United States,1993,891205,Technology,Semiconductors
CRL,Charles River Laboratories International Inc. Common Stock,$237.42 ,2.43,1.03%,10000,United States,2000,215226,Health Care,Biotechnology: Commercial Physical & Biological Resarch
CRM,Salesforce.com Inc Common Stock,$225.86 ,4.89,2.21%,10000,United States,2004,20476820,Technology,Computer Software: Prepackaged Software
CRWD,CrowdStrike Holdings Inc. Class A Common Stock,$167.26 ,6.07,3.77%,10000,United States,2019,7629282,Technology,Computer Software: Prepackaged Software
CSCO,Cisco Systems Inc. Common Stock,$44.38 ,0.27,0.61%,10000,United States,1990,17318303,Technology,Computer Communications Equipment
CSGP,CoStar Group Inc. Common Stock,$893.23 ,22.53,2.59%,10000,United States,1998,163350,Miscellaneous,Business Services
CSX,CSX Corporation Common Stock,$91.85 ,1.42,1.57%,10000,United States,,4674847,Transportation,Railroads
CTAS,Cintas Corporation Common Stock,$363.47 ,3.78,1.05%,10000,United States,1983,467080,Consumer NonDurables,Apparel
CTLT,Catalent Inc. Common Stock,$95.40 ,1.93,2.07%,10000,United States,2014,1707356,Health Care,Major Pharmaceuticals
CTSH,Cognizant Technology Solutions Corporation Class A Common Stock,$81.06 ,2.3,2.92%,10000,United States,1998,3078946,Technology,EDP Services
CTXS,Citrix Systems Inc. Common Stock,$130.53 ,2.66,2.08%,10000,United States,1995,1279641,Technology,Computer Software: Prepackaged Software
CUK,Carnival Plc ADS ADS,$20.46 ,0.27,1.34%,10000,United States,,3287869,Consumer Services,Marine Transportation
CVNA,Carvana Co. Class A Common Stock,$243.09 ,15.17,6.66%,10000,United States,2017,2199586,Consumer Durables,Automotive Aftermarket
CVS,CVS Health Corporation Common Stock,$74.50 ,1.98,2.73%,10000,United States,,11954720,Health Care,Medical/Nursing Services
CVX,Chevron Corporation Common Stock,$93.28 ,3.48,3.88%,10000,United States,,10707432,Energy,Integrated oil Companies
CXO,Concho Resources Inc. Common Stock,$64.44 ,4.42,7.36%,10000,United States,2007,2783822,Energy,Oil & Gas Production
CZR,Caesars Entertainment Inc. Common Stock,$73.84 ,2.71,3.81%,10000,United States,,2891029,Consumer Services,Hotels/Resorts
D,Dominion Energy Inc. Common Stock,$75.88 ,2.52,3.21%,10000,United States,,6234691,Public Utilities,Electric Utilities: Central
DAL,Delta Air Lines Inc. Common Stock,$42.36 ,0.59,1.37%,10000,United States,,18416141,Transportation,Air Freight/Delivery Services
DDOG,Datadog Inc. Class A Common Stock,$101.57 ,4.21,4.32%,10000,United States,2019,3777917,Technology,Computer Software: Prepackaged Software
DE,Deere & Company Common Stock,$253.39 ,0.71,0.28%,10000,United States,,1655051,Capital Goods,Industrial Machinery/Components
DFS,Discover Financial Services Common Stock,$82.70 ,1.86,2.30%,10000,United States,,2076063,Finance,Finance: Consumer Services
DG,Dollar General Corporation Common Stock,$213.43 ,1.06,0.49%,10000,United States,2009,1865574,Consumer Services,Department/Specialty Retail Stores
DGX,Quest Diagnostics Incorporated Common Stock,$123.29 ,0.47,0.38%,10000,United States,,780938,Health Care,Medical Specialities
DHI,D.R. Horton Inc. Common Stock,$71.27 ,1.07,1.48%,10000,United States,,2647140,Capital Goods,Homebuilding
DHR,Danaher Corporation Common Stock,$224.43 ,1.09,0.49%,10000,United States,,2521150,Capital Goods,Industrial Machinery/Components
DIS,Walt Disney Company (The) Common Stock,$154.14 ,0.9,0.59%,10000,United States,,6030466,Consumer Services,ServicesMisc. Amusement & Recreation
DISCA,Discovery Inc. Series A Common Stock,$28.48 ,0.24,0.85%,10000,United States,,7204976,Consumer Services,Television Services
DISCB,Discovery Inc. Series B Common Stock,$32.29 ,0.68,2.15%,10000,United States,,2450,Consumer Services,Television Services
DISCK,Discovery Inc. Series C Common Stock,$25.22 ,0.1,0.40%,10000,United States,,3835322,Consumer Services,Television Services
DISH,DISH Network Corporation Class A Common Stock,$36.44 ,0.73,1.96%,10000,United States,1995,2310663,Consumer Services,Television Services
DKNG,DraftKings Inc. Class A Common Stock,$49.25 ,0.81,1.62%,10000,United States,2019,13009748,Consumer Services,ServicesMisc. Amusement & Recreation
DLR,Digital Realty Trust Inc. Common Stock,$135.47 ,1.82,1.36%,10000,United States,2004,1805624,Consumer Services,Real Estate Investment Trusts
DLTR,Dollar Tree Inc. Common Stock,$112.51 ,0.39,0.35%,10000,United States,1995,1955824,Consumer Services,Department/Specialty Retail Stores
DNB,Dun & Bradstreet Holdings Inc. Common Stock,$27.05 ,0.26,0.97%,10000,United States,2020,417647,Finance,Finance: Consumer Services
DOCU,DocuSign Inc. Common Stock,$243.22 ,12.21,5.29%,10000,United States,2018,19035859,Technology,Computer Software: Prepackaged Software
DOV,Dover Corporation Common Stock,$123.54 ,2.4,1.98%,10000,United States,,1520431,Technology,Industrial Machinery/Components
DPZ,Domino's Pizza Inc Common Stock,$382.99 ,0.39,0.10%,10000,United States,2004,390849,Consumer NonDurables,Food Distributors
DRE,Duke Realty Corporation Common Stock,$38.56 ,0.76,2.01%,10000,United States,,1607038,Consumer Services,Real Estate Investment Trusts
DRI,Darden Restaurants Inc. Common Stock,$114.82 ,2.03,1.80%,10000,United States,,2790763,Consumer Services,Restaurants
DT,Dynatrace Inc. Common Stock,$39.53 ,0.88,2.28%,10000,United States,2019,1356012,Technology,Computer Software: Prepackaged Software
DTE,DTE Energy Company Common Stock,$125.93 ,0.9,0.71%,10000,United States,,671377,Public Utilities,Electric Utilities: Central
DUK,Duke Energy Corporation (Holding Company) Common Stock,$91.15 ,1.2,1.30%,10000,United States,,3172222,Public Utilities,Power Generation
DVA,DaVita Inc. Common Stock,$109.30 ,3.88,3.68%,10000,United States,,601957,Health Care,Misc Health and Biotechnology Services
DXCM,DexCom Inc. Common Stock,$348.03 ,3.4,0.99%,10000,United States,2005,1166939,Health Care,Medical/Dental Instruments
EA,Electronic Arts Inc. Common Stock,$128.69 ,0.31,0.24%,10000,United States,,2710494,Technology,Computer Software: Prepackaged Software
EBAY,eBay Inc. Common Stock,$50.97 ,0.68,1.35%,10000,United States,1998,4791016,Miscellaneous,Business Services
ECL,Ecolab Inc. Common Stock,$225.61 ,5.86,2.67%,10000,United States,,781185,Basic Industries,Package Goods/Cosmetics
ED,Consolidated Edison Inc. Common Stock,$75.31 ,0.6,0.79%,10000,United States,,3239588,Public Utilities,Power Generation
EFX,Equifax Inc. Common Stock,$166.50 ,1.25,0.76%,10000,United States,,956399,Finance,Finance: Consumer Services
EIX,Edison International Common Stock,$61.83 ,0.29,0.47%,10000,United States,,1172930,Public Utilities,Electric Utilities: Central
EL,Estee Lauder Companies Inc. (The) Common Stock,$244.12 ,1.34,0.55%,10000,United States,1995,1139991,Consumer NonDurables,Package Goods/Cosmetics
ELAN,Elanco Animal Health Incorporated Common Stock,$29.38 ,0.18,0.62%,10000,United States,2018,3766476,Health Care,Major Pharmaceuticals
ELS,Equity Lifestyle Properties Inc. Common Stock,$59.97 ,0.48,0.81%,10000,United States,,677681,Consumer Services,Real Estate Investment Trusts
EMN,Eastman Chemical Company Common Stock,$102.39 ,4.24,4.32%,10000,United States,,1167663,Basic Industries,Major Chemicals
EMR,Emerson Electric Company Common Stock,$80.10 ,4.62,6.12%,10000,United States,,5503048,Energy,Consumer Electronics/Appliances
ENPH,Enphase Energy Inc. Common Stock,$130.46 ,2.79,2.19%,10000,United States,2012,2412303,Technology,Semiconductors
ENTG,Entegris Inc. Common Stock,$96.22 ,2.83,3.03%,10000,United States,2000,472261,Consumer NonDurables,Plastic Products
EOG,EOG Resources Inc. Common Stock,$53.00 ,4.83,10.03%,10000,United States,,7007011,Energy,Oil & Gas Production
EPAM,EPAM Systems Inc. Common Stock,$324.93 ,5.24,1.64%,10000,United States,2012,211476,Technology,EDP Services
EPD,Enterprise Products Partners L.P. Common Stock,$20.76 ,0.64,3.18%,10000,United States,,9262172,Public Utilities,Natural Gas Distribution
EQH,Equitable Holdings Inc. Common Stock,$27.12 ,0.68,2.57%,10000,United States,2018,1885694,Finance,Specialty Insurers
EQIX,Equinix Inc. Common Stock REIT,$708.33 ,15.68,2.26%,10000,United States,2000,632849,Consumer Services,Real Estate Investment Trusts
EQR,Equity Residential Common Shares of Beneficial Interest,$63.37 ,1.42,2.29%,10000,United States,,3159510,Consumer Services,Real Estate Investment Trusts
ERIE,Erie Indemnity Company Class A Common Stock,$222.85 ,3.38,1.54%,10000,United States,,76189,Finance,Specialty Insurers
ES,Eversource Energy (D/B/A) Common Stock,$85.54 ,1.27,1.46%,10000,United States,,1743408,Public Utilities,Electric Utilities: Central
ESS,Essex Property Trust Inc. Common Stock,$252.73 ,3.88,1.56%,10000,United States,1994,614613,Consumer Services,Real Estate Investment Trusts
ESTC,Elastic N.V. Ordinary Shares,$143.28 ,8.28,6.13%,10000,United States,2018,1924488,Technology,Computer Software: Prepackaged Software
ET,Energy Transfer LP Common Units ,$6.93 ,0.38,5.80%,10000,United States,,29784975,Public Utilities,Natural Gas Distribution
ETR,Entergy Corporation Common Stock,$106.73 ,0.09,0.08%,10000,United States,,924088,Public Utilities,Electric Utilities: Central
ETSY,Etsy Inc. Common Stock,$155.03 ,0.29,0.19%,10000,United States,2015,1965493,Miscellaneous,Business Services
EW,Edwards Lifesciences Corporation Common Stock,$85.76 ,2.11,2.52%,10000,United States,,2413224,Health Care,Industrial Specialties
EXAS,Exact Sciences Corporation Common Stock,$132.87 ,2.2,1.68%,10000,United States,2001,2368987,Health Care,Biotechnology: Commercial Physical & Biological Resarch
EXC,Exelon Corporation Common Stock,$40.93 ,0.12,0.29%,10000,United States,,3546275,Public Utilities,Power Generation
EXPD,Expeditors International of Washington Inc. Common Stock,$90.06 ,1.36,1.53%,10000,United States,,944503,Transportation,Oil Refining/Marketing
EXPE,Expedia Group Inc. Common Stock,$128.58 ,1.23,0.97%,10000,United States,,2023855,Consumer Services,Transportation Services
EXR,Extra Space Storage Inc Common Stock,$114.35 ,0.85,0.75%,10000,United States,2004,612222,Consumer Services,Real Estate Investment Trusts
F,Ford Motor Company Common Stock,$9.34 ,0.13,1.41%,10000,United States,,48675206,Capital Goods,Auto Manufacturing
FAST,Fastenal Company Common Stock,$48.05 ,0.68,1.44%,10000,United States,1987,3388551,Consumer Services,RETAIL: Building Materials
FB,Facebook Inc. Class A Common Stock,$279.70 ,2.15,0.76%,10000,United States,2012,10871588,Technology,Computer Software: Programming Data Processing
FBHS,Fortune Brands Home & Security Inc. Common Stock,$80.98 ,0.8,0.98%,10000,United States,,812835,Basic Industries,Homebuilding
FCX,FreeportMcMoRan Inc. Common Stock,$25.06 ,0.67,2.75%,10000,United States,,31918963,Basic Industries,Precious Metals
FDS,FactSet Research Systems Inc. Common Stock,$351.01 ,4.44,1.28%,10000,United States,1996,195350,Technology,Computer Software: Programming Data Processing
FDX,FedEx Corporation Common Stock,$294.88 ,2.18,0.75%,10000,United States,,1846637,Transportation,Air Freight/Delivery Services
FE,FirstEnergy Corp. Common Stock,$28.95 ,1.05,3.76%,10000,United States,,7879772,Public Utilities,Electric Utilities: Central
FFIV,F5 Networks Inc. Common Stock,$166.07 ,3.52,2.17%,10000,United States,1999,412515,Technology,Computer Communications Equipment
FICO,Fair Isaac Corproation Common Stock,$494.81 ,11.29,2.34%,10000,United States,,163333,Miscellaneous,Business Services
FIS,Fidelity National Information Services Inc. Common Stock,$149.86 ,2.58,1.75%,10000,United States,,2090608,Miscellaneous,Business Services
FISV,Fiserv Inc. Common Stock,$117.13 ,1.08,0.93%,10000,United States,1986,3444790,Technology,EDP Services
FITB,Fifth Third Bancorp Common Stock,$27.40 ,0.57,2.12%,10000,United States,,6907554,Finance,Major Banks
FLT,FleetCor Technologies Inc. Common Stock,$268.05 ,5.82,2.22%,10000,United States,2010,1007932,Miscellaneous,Business Services
FMC,FMC Corporation Common Stock,$121.69 ,3.31,2.80%,10000,United States,,608040,Basic Industries,Major Chemicals
FNF,FNF Group of Fidelity National Financial Inc. Common Stock,$37.23 ,0.33,0.89%,10000,United States,2014,1363809,Finance,Specialty Insurers
FOX,Fox Corporation Class B Common Stock,$29.26 ,0.515,1.73%,10000,United States,,1831129,Consumer Services,Broadcasting
FOXA,Fox Corporation Class A Common Stock,$29.84 ,0.48,1.58%,10000,United States,,5831382,Consumer Services,Broadcasting
FRC,FIRST REPUBLIC BANK Common Stock,$129.49 ,0.32,0.25%,10000,United States,,704020,,
FTNT,Fortinet Inc. Common Stock,$127.80 ,1.71,1.36%,10000,United States,2009,616235,Technology,Computer peripheral equipment
FWONK,Liberty Media Corporation Series C Liberty Formula One Common Stock,$43.25 ,0.59,1.35%,10000,United States,,680710,Consumer Services,Broadcasting
GD,General Dynamics Corporation Common Stock,$156.04 ,2.16,1.40%,10000,United States,,1065026,Capital Goods,Marine Transportation
GDDY,GoDaddy Inc. Class A Common Stock,$83.87 ,2.2,2.69%,10000,United States,2015,1116982,Technology,EDP Services
GDRX,GoodRx Holdings Inc. Class A Common Stock,$39.00 ,1.58,4.22%,10000,United States,2020,2559804,Technology,EDP Services
GE,General Electric Company Common Stock,$10.88 ,0.28,2.64%,10000,United States,,134927634,Energy,Consumer Electronics/Appliances
GGG,Graco Inc. Common Stock,$66.99 ,0.85,1.29%,10000,United States,,570915,Capital Goods,Fluid Controls
GH,Guardant Health Inc. Common Stock,$123.65 ,1.65,1.35%,10000,United States,2018,566736,Health Care,Medical Specialities
GILD,Gilead Sciences Inc. Common Stock,$61.56 ,0.7,1.15%,10000,United States,1992,7228854,Health Care,Biotechnology: Biological Products (No Diagnostic Substances)
GIS,General Mills Inc. Common Stock,$60.44 ,0,0.00%,10000,United States,,3298366,Consumer NonDurables,Packaged Foods
GL,Globe Life Inc. Common Stock,$96.46 ,1.51,1.59%,10000,United States,,370396,Finance,Life Insurance
GLIBA,GCI Liberty Inc. Class A Common Stock (DE),$94.54 ,1.13,1.21%,10000,United States,,250096,Public Utilities,Telecommunications Equipment
GLW,Corning Incorporated Common Stock,$37.95 ,0.83,2.24%,10000,United States,,3506952,Basic Industries,Telecommunications Equipment
GM,General Motors Company Common Stock,$44.40 ,0.31,0.70%,10000,United States,2010,11880383,Capital Goods,Auto Manufacturing
GNRC,Generac Holdlings Inc. Common Stock,$205.26 ,2.32,1.12%,10000,United States,2010,819985,Consumer Durables,Metal Fabrications
GOOG,Alphabet Inc. Class C Capital Stock,$1827.99 ,1.22,0.07%,10000,United States,2004,1377418,Technology,Computer Software: Programming Data Processing
GOOGL,Alphabet Inc. Class A Common Stock,$1823.76 ,1.92,0.11%,10000,United States,,1025483,Technology,Computer Software: Programming Data Processing
GPC,Genuine Parts Company Common Stock,$98.25 ,0.99,1.02%,10000,United States,,609211,Capital Goods,Automotive Aftermarket
GPN,Global Payments Inc. Common Stock,$200.07 ,4.32,2.21%,10000,United States,,1124039,Miscellaneous,Business Services
GS,Goldman Sachs Group Inc. (The) Common Stock,$239.58 ,4.11,1.75%,10000,United States,1999,2371273,Finance,Investment Bankers/Brokers/Service
GWRE,Guidewire Software Inc. Common Stock,$129.12 ,2.71,2.14%,10000,United States,2012,456078,Technology,Computer Software: Prepackaged Software
GWW,W.W. Grainger Inc. Common Stock,$404.77 ,2.09,0.52%,10000,United States,,226402,Consumer Services,Office Equipment/Supplies/Services
HAL,Halliburton Company Common Stock,$19.43 ,1.41,7.83%,10000,United States,,14893711,Energy,Oilfield Services/Equipment
HAS,Hasbro Inc. Common Stock,$91.07 ,1.59,1.72%,10000,United States,,1477757,Consumer NonDurables,Recreational Products/Toys
HBAN,Huntington Bancshares Incorporated Common Stock,$13.11 ,0.13,1.00%,10000,United States,,8009987,Finance,Major Banks
HCA,HCA Healthcare Inc. Common Stock,$157.68 ,4.93,3.23%,10000,United States,2011,1447100,Health Care,Hospital/Nursing Management
HD,Home Depot Inc. (The) Common Stock,$263.99 ,4.15,1.55%,10000,United States,,7718418,Consumer Services,RETAIL: Building Materials
HEI,Heico Corporation Common Stock,$132.85 ,1.29,0.98%,10000,United States,,208932,Capital Goods,Aerospace
HES,Hess Corporation Common Stock,$54.39 ,3.39,6.65%,10000,United States,,2251920,Energy,Integrated oil Companies
HIG,Hartford Financial Services Group Inc. (The) Common Stock,$46.49 ,0.65,1.42%,10000,United States,,2747391,Finance,PropertyCasualty Insurers
HOLX,Hologic Inc. Common Stock,$73.16 ,0.665,0.92%,10000,United States,1990,1451309,Health Care,Medical Electronics
HON,Honeywell International Inc. Common Stock,$212.68 ,4.46,2.14%,10000,United States,,3169693,Capital Goods,Aerospace
HPE,Hewlett Packard Enterprise Company Common Stock,$12.34 ,0.73,6.29%,10000,United States,2015,12832463,Technology,Retail: Computer Software & Peripheral Equipment
HPQ,HP Inc. Common Stock,$23.78 ,0.54,2.32%,10000,United States,,8720519,Technology,Computer Manufacturing
HRL,Hormel Foods Corporation Common Stock,$47.38 ,0.14,0.30%,10000,United States,,2105232,Consumer NonDurables,Meat/Poultry/Fish
HST,Host Hotels & Resorts Inc. Common Stock,$15.65 ,0.54,3.57%,10000,United States,,8237146,Consumer Services,Real Estate Investment Trusts
HSY,The Hershey Company Common Stock,$150.87 ,1.04,0.69%,10000,United States,,1002547,Consumer NonDurables,Specialty Foods
HUBS,HubSpot Inc. Common Stock,$387.21 ,0.63,0.16%,10000,United States,2014,584395,Technology,Computer Software: Prepackaged Software
HUM,Humana Inc. Common Stock,$412.78 ,8.95,2.22%,10000,United States,,522682,Health Care,Medical Specialities
HWM,Howmet Aerospace Inc. Common Stock,$25.37 ,0.32,1.28%,10000,United States,,5239344,Capital Goods,Metal Fabrications
IAC,IAC/InterActiveCorp Common Stock,$145.43 ,3.1,2.18%,10000,United States,,551089,Consumer Services,Other Consumer Services
IBKR,Interactive Brokers Group Inc. Class A Common Stock,$55.07 ,0.35,0.64%,10000,United States,2019,446729,Finance,Investment Bankers/Brokers/Service
IBM,International Business Machines Corporation Common Stock,$127.20 ,3.59,2.90%,10000,United States,,5520251,Technology,Computer Manufacturing
ICE,Intercontinental Exchange Inc. Common Stock,$109.23 ,1.77,1.65%,10000,United States,2005,2376247,Finance,Investment Bankers/Brokers/Service
IDXX,IDEXX Laboratories Inc. Common Stock,$457.15 ,2.92,0.64%,10000,United States,1991,387577,Health Care,Biotechnology: In Vitro & In Vivo Diagnostic Substances
IEP,Icahn Enterprises L.P. Common Stock,$50.98 ,0.48,0.95%,10000,United States,,224279,Capital Goods,Auto Parts:O.E.M.
IEX,IDEX Corporation Common Stock,$192.78 ,2.52,1.33%,10000,United States,1989,285715,Capital Goods,Fluid Controls
IFF,Internationa Flavors & Fragrances Inc. Common Stock,$116.00 ,3.36,2.98%,10000,United States,,2129383,Basic Industries,Major Chemicals
ILMN,Illumina Inc. Common Stock,$350.66 ,4.66,1.35%,10000,United States,2000,1172902,Capital Goods,Biotechnology: Laboratory Analytical Instruments
INCY,Incyte Corp. Common Stock,$83.14 ,0.24,0.29%,10000,United States,,862560,Health Care,Biotechnology: Commercial Physical & Biological Resarch
INTC,Intel Corporation Common Stock,$51.99 ,0.995,1.95%,10000,United States,,39759323,Technology,Semiconductors
INTU,Intuit Inc. Common Stock,$368.60 ,4.9,1.35%,10000,United States,1993,1404400,Technology,Computer Software: Prepackaged Software
INVH,Invitation Homes Inc. Common Stock,$30.24 ,0.86,2.93%,10000,United States,2017,4132660,Finance,Real Estate
IP,International Paper Company Common Stock,$48.87 ,0.63,1.31%,10000,United States,,4050151,Basic Industries,Paper
IPGP,IPG Photonics Corporation Common Stock,$212.07 ,5.1,2.46%,10000,United States,2006,136582,Technology,Semiconductors
IQV,IQVIA Holdings Inc. Common Stock,$170.61 ,2.98,1.78%,10000,United States,2013,1496028,Health Care,Biotechnology: Commercial Physical & Biological Resarch
IR,Ingersoll Rand Inc. Common Stock,$45.19 ,0.73,1.64%,10000,United States,2017,1578785,Technology,Industrial Machinery/Components
ISRG,Intuitive Surgical Inc. Common Stock,$780.34 ,21.62,2.85%,10000,United States,2000,553617,Health Care,Industrial Specialties
IT,Gartner Inc. Common Stock,$154.92 ,2.22,1.45%,10000,United States,1993,290297,Consumer Services,Other Consumer Services
ITW,Illinois Tool Works Inc. Common Stock,$205.13 ,1.68,0.83%,10000,United States,,1816833,Technology,Industrial Machinery/Components
J,Jacobs Engineering Group Inc. Common Stock,$108.96 ,1.17,1.09%,10000,United States,,655188,Basic Industries,Military/Government/Technical
JBHT,J.B. Hunt Transport Services Inc. Common Stock,$137.24 ,2.86,2.13%,10000,United States,,560976,Transportation,Trucking Freight/Courier Services
JKHY,Jack Henry & Associates Inc. Common Stock,$158.48 ,0.47,0.30%,10000,United States,1985,481358,Technology,EDP Services
JNJ,Johnson & Johnson Common Stock,$150.27 ,1.27,0.85%,10000,United States,,6745567,Health Care,Major Pharmaceuticals
JPM,JP Morgan Chase & Co. Common Stock,$122.34 ,1.1,0.91%,10000,United States,,13583321,Finance,Major Banks
K,Kellogg Company Common Stock,$62.37 ,0.63,1.00%,10000,United States,,2736407,Consumer NonDurables,Packaged Foods
KDP,Keurig Dr Pepper Inc. Common Stock,$30.53 ,0.43,1.43%,10000,United States,,2978664,Consumer NonDurables,Beverages (Production/Distribution)
KEY,KeyCorp Common Stock,$16.12 ,0.16,1.00%,10000,United States,,12094931,Finance,Major Banks
KEYS,Keysight Technologies Inc. Common Stock,$123.21 ,0.57,0.47%,10000,United States,2014,878994,Capital Goods,Industrial Machinery/Components
KHC,The Kraft Heinz Company Common Stock,$34.12 ,0.67,2.00%,10000,United States,,6146545,Consumer NonDurables,Packaged Foods
KKR,KKR & Co. Inc. Common Stock,$39.57 ,0.35,0.89%,10000,United States,,1492557,Finance,Investment Managers
KLAC,KLA Corporation Common Stock,$263.70 ,6.31,2.45%,10000,United States,1980,748918,Capital Goods,Electronic Components
KMB,KimberlyClark Corporation Common Stock,$137.40 ,0.42,0.31%,10000,United States,,2131001,Consumer Durables,Containers/Packaging
KMI,Kinder Morgan Inc. Common Stock,$14.93 ,0.44,3.04%,10000,United States,2011,17455589,Public Utilities,Natural Gas Distribution
KMX,CarMax Inc,$96.50 ,0.23,0.24%,10000,United States,,1006466,Consumer Durables,Automotive Aftermarket
KO,CocaCola Company (The) Common Stock,$53.85 ,1.07,2.03%,10000,United States,,18118407,Consumer NonDurables,Beverages (Production/Distribution)
KR,Kroger Company (The) Common Stock,$30.58 ,0.3,0.97%,10000,United States,,18162893,Consumer Services,Food Chains
KSU,Kansas City Southern Common Stock,$194.20 ,5.1,2.70%,10000,United States,,786664,Transportation,Railroads
L,Loews Corporation Common Stock,$43.35 ,0.73,1.71%,10000,United States,,1025407,Finance,PropertyCasualty Insurers
LB,L Brands Inc.,$38.25 ,0.1,0.26%,10000,United States,,3918300,Consumer Services,Clothing/Shoe/Accessory Stores
LBRDA,Liberty Broadband Corporation Class A Common Stock,$161.05 ,0.97,0.61%,10000,United States,,81231,Consumer Services,Television Services
LBRDK,Liberty Broadband Corporation Class C Common Stock,$163.16 ,1.76,1.09%,10000,United States,,774829,Consumer Services,Television Services
LDOS,Leidos Holdings Inc. Common Stock,$104.81 ,1.92,1.87%,10000,United States,,388890,Technology,EDP Services
LEN,Lennar Corporation Class A Common Stock,$73.88 ,1.54,2.04%,10000,United States,,2818450,Basic Industries,Homebuilding
LH,Laboratory Corporation of America Holdings Common Stock,$198.85 ,2.21,1.12%,10000,United States,,1078796,Health Care,Medical Specialities
LHX,L3Harris Technologies Inc. Common Stock,$195.04 ,2.34,1.21%,10000,United States,,1150858,Capital Goods,Industrial Machinery/Components
LII,Lennox International Inc. Common Stock,$276.00 ,4.53,1.62%,10000,United States,1999,251175,Capital Goods,Industrial Machinery/Components
LKQ,LKQ Corporation Common Stock,$37.09 ,0.91,2.52%,10000,United States,,1640155,Consumer Services,Motor Vehicles
LLY,Eli Lilly and Company Common Stock,$148.45 ,4.34,3.01%,10000,United States,,3058566,Health Care,Major Pharmaceuticals
LMT,Lockheed Martin Corporation Common Stock,$366.61 ,4.58,1.27%,10000,United States,,1222214,Capital Goods,Military/Government/Technical
LNC,Lincoln National Corporation Common Stock,$54.73 ,2.52,4.83%,10000,United States,,1712964,Finance,Life Insurance
LNG,Cheniere Energy Inc. Common Stock,$59.80 ,1.48,2.54%,10000,United States,,3313018,Public Utilities,Oil/Gas Transmission
LNT,Alliant Energy Corporation Common Stock,$52.88 ,0.48,0.90%,10000,United States,,1270032,Public Utilities,Power Generation
LOGI,Logitech International S.A. Ordinary Shares,$87.32 ,0.65,0.75%,10000,United States,1997,688768,Technology,Computer peripheral equipment
LOW,Lowe's Companies Inc. Common Stock,$150.00 ,1.97,1.30%,10000,United States,,4705705,Consumer Services,RETAIL: Building Materials
LRCX,Lam Research Corporation Common Stock,$499.98 ,15.91,3.29%,10000,United States,1984,1754987,Technology,Industrial Machinery/Components
LSXMA,Liberty Media Corporation Series A Liberty SiriusXM Common Stock,$41.38 ,0.3,0.72%,10000,United States,,581832,Consumer Services,Broadcasting
LSXMB,Liberty Media Corporation Series B Liberty SiriusXM Common Stock,$43.50 ,1.6,3.82%,10000,United States,,607,Consumer Services,Broadcasting
LSXMK,Liberty Media Corporation Series C Liberty SiriusXM Common Stock,$41.39 ,0.135,0.33%,10000,United States,,422561,Consumer Services,Broadcasting
LUMN,CenturyLink Inc. d/b/a Lumen Technologies Inc. Common Stock,$10.56 ,0.05,0.48%,10000,United States,,8386005,Public Utilities,Telecommunications Equipment
LUV,Southwest Airlines Company Common Stock,$47.59 ,0.23,0.48%,10000,United States,,7604847,Transportation,Air Freight/Delivery Services
LVS,Las Vegas Sands Corp. Common Stock,$60.11 ,1.45,2.47%,10000,United States,2004,4912369,Consumer Services,Hotels/Resorts
LYFT,Lyft Inc. Class A Common Stock,$46.10 ,3,6.96%,10000,United States,2019,10541653,Miscellaneous,Business Services
LYV,Live Nation Entertainment Inc. Common Stock,$70.00 ,0.78,1.13%,10000,United States,,2250432,Consumer Services,ServicesMisc. Amusement & Recreation
MA,Mastercard Incorporated Common Stock,$344.35 ,9.21,2.75%,10000,United States,2006,4322846,Miscellaneous,Business Services
MAA,MidAmerica Apartment Communities Inc. Common Stock,$125.13 ,1.48,1.20%,10000,United States,1994,610314,Consumer Services,Real Estate Investment Trusts
MAR,Marriott International Class A Common Stock,$135.61 ,3.29,2.49%,10000,United States,,1923086,Consumer Services,Hotels/Resorts
MAS,Masco Corporation Common Stock,$51.59 ,0.47,0.90%,10000,United States,,2174966,Capital Goods,Industrial Specialties
MASI,Masimo Corporation Common Stock,$265.24 ,3.77,1.44%,10000,United States,2007,389399,Health Care,Biotechnology: Electromedical & Electrotherapeutic Apparatus
MCD,McDonald's Corporation Common Stock,$210.74 ,0.77,0.36%,10000,United States,,3148121,Consumer Services,Restaurants
MCHP,Microchip Technology Incorporated Common Stock,$144.24 ,5.73,4.14%,10000,United States,1993,2247154,Technology,Semiconductors
MCK,McKesson Corporation Common Stock,$180.76 ,1.6,0.89%,10000,United States,,812145,Health Care,Other Pharmaceuticals
MCO,Moody's Corporation Common Stock,$285.66 ,5.78,2.07%,10000,United States,,1052805,Finance,Finance: Consumer Services
MDB,MongoDB Inc. Class A Common Stock,$277.63 ,5.62,2.07%,10000,United States,2017,604440,Technology,Computer Software: Prepackaged Software
MDLZ,Mondelez International Inc. Class A Common Stock,$59.03 ,0.47,0.80%,10000,United States,,5384918,Consumer NonDurables,Packaged Foods
MDT,Medtronic plc. Ordinary Shares,$113.85 ,1.38,1.23%,10000,United States,,4077921,Health Care,Biotechnology: Electromedical & Electrotherapeutic Apparatus
MET,MetLife Inc. Common Stock,$48.47 ,0.76,1.59%,10000,United States,2000,5154396,Finance,Life Insurance
MGM,MGM Resorts International Common Stock,$30.72 ,0.81,2.71%,10000,United States,,15144662,Consumer Services,Hotels/Resorts
MKC,McCormick & Company Incorporated Common Stock,$93.95 ,1.3,1.40%,10000,United States,,838658,Consumer NonDurables,Packaged Foods
MKL,Markel Corporation Common Stock,$999.89 ,21.27,2.17%,10000,United States,1986,45334,Finance,PropertyCasualty Insurers
MKTX,MarketAxess Holdings Inc. Common Stock,$539.17 ,16.46,2.96%,10000,United States,2004,480516,Finance,Investment Bankers/Brokers/Service
MLM,Martin Marietta Materials Inc. Common Stock,$284.94 ,3.79,1.35%,10000,United States,1994,439055,Basic Industries,Mining & Quarrying of Nonmetallic Minerals (No Fuels)
MMC,Marsh & McLennan Companies Inc. Common Stock,$117.32 ,0.78,0.67%,10000,United States,,2077142,Finance,Specialty Insurers
MMM,3M Company Common Stock,$172.46 ,0.63,0.37%,10000,United States,,2663632,Health Care,Medical/Dental Instruments
MMP,Magellan Midstream Partners L.P. Limited Partnership,$44.71 ,1.23,2.83%,10000,United States,,1014506,Energy,Natural Gas Distribution
MNST,Monster Beverage Corporation,$87.44 ,0.92,1.06%,10000,United States,,1821330,Consumer NonDurables,Beverages (Production/Distribution)
MO,Altria Group Inc.,$41.37 ,0.95,2.35%,10000,United States,,9812096,Consumer NonDurables,Farming/Seeds/Milling
MOH,Molina Healthcare Inc Common Stock,$213.72 ,5.6,2.69%,10000,United States,2003,221767,Health Care,Medical Specialities
MPC,Marathon Petroleum Corporation Common Stock,$42.91 ,1.92,4.68%,10000,United States,,5556716,Energy,Integrated oil Companies
MPLX,MPLX LP Common Units Representing Limited Partner Interests,$23.01 ,0.89,4.02%,10000,United States,2012,4496317,Energy,Natural Gas Distribution
MPW,Medical Properties Trust Inc. common stock,$20.56 ,0.55,2.75%,10000,United States,2005,3985781,Consumer Services,Real Estate Investment Trusts
MPWR,Monolithic Power Systems Inc. Common Stock,$321.38 ,2.76,0.85%,10000,United States,2004,664537,Technology,Semiconductors
MRK,Merck & Company Inc. Common Stock (new),$81.94 ,0.49,0.60%,10000,United States,,8250674,Health Care,Major Pharmaceuticals
MRNA,Moderna Inc. Common Stock,$152.52 ,4.74,3.01%,10000,United States,2018,27659517,Health Care,Biotechnology: Biological Products (No Diagnostic Substances)
MRTX,Mirati Therapeutics Inc. Common Stock,$233.26 ,1.75,0.76%,10000,United States,,235075,Health Care,Major Pharmaceuticals
MS,Morgan Stanley Common Stock,$65.00 ,0.94,1.47%,10000,United States,,10167433,Finance,Investment Bankers/Brokers/Service
MSCI,MSCI Inc Common Stock,$421.71 ,2.41,0.58%,10000,United States,,660511,Miscellaneous,Business Services
MSFT,Microsoft Corporation Common Stock,$214.36 ,0.12,0.06%,10000,United States,1986,24649477,Technology,Computer Software: Prepackaged Software
MSI,Motorola Solutions Inc. Common Stock,$170.40 ,0.72,0.42%,10000,United States,,810342,Technology,Radio And Television Broadcasting And Communications Equipment
MTB,M&T Bank Corporation Common Stock,$128.02 ,3.19,2.56%,10000,United States,,1304106,Finance,Major Banks
MTCH,Match Group Inc. Common Stock,$145.39 ,5.25,3.75%,10000,United States,,2359529,Technology,Computer Software: Programming Data Processing
MTN,Vail Resorts Inc. Common Stock,$283.14 ,8.69,3.17%,10000,United States,1997,351829,Consumer Services,ServicesMisc. Amusement & Recreation
MU,Micron Technology Inc. Common Stock,$73.34 ,3.44,4.92%,10000,United States,,31845628,Technology,Semiconductors
MXIM,Maxim Integrated Products Inc. Common Stock,$86.41 ,2.4,2.86%,10000,United States,1988,1807604,Technology,Semiconductors
NDAQ,Nasdaq Inc. Common Stock,$125.30 ,0.4,0.32%,10000,United States,,850129,Finance,Investment Bankers/Brokers/Service
NDSN,Nordson Corporation Common Stock,$200.42 ,5.11,2.62%,10000,United States,,276056,Capital Goods,Industrial Machinery/Components
NEE,NextEra Energy Inc. Common Stock,$72.52 ,0.83,1.13%,10000,United States,,7760575,Public Utilities,Electric Utilities: Central
NEM,Newmont Corporation,$59.44 ,0.07,0.12%,10000,United States,,5105555,Basic Industries,Precious Metals
NET,Cloudflare Inc. Class A Common Stock,$77.35 ,3.22,4.34%,10000,United States,2019,4041221,Technology,Computer Software: Prepackaged Software
NFLX,Netflix Inc. Common Stock,$498.31 ,0.79,0.16%,10000,United States,2002,3664268,Consumer Services,Consumer Electronics/Video Chains
NKE,Nike Inc. Common Stock,$137.19 ,0.23,0.17%,10000,United States,,4343159,Consumer NonDurables,Shoe Manufacturing
NLOK,NortonLifeLock Inc. Common Stock,$19.27 ,0.17,0.89%,10000,United States,,5375707,Technology,Computer Software: Prepackaged Software
NLY,Annaly Capital Management Inc Common Stock,$8.36 ,0.17,2.08%,10000,United States,,11542039,Consumer Services,Real Estate Investment Trusts
NOC,Northrop Grumman Corporation Common Stock,$307.23 ,3.8,1.25%,10000,United States,,794287,Capital Goods,Industrial Machinery/Components
NOW,ServiceNow Inc. Common Stock,$525.70 ,0.46,0.09%,10000,United States,2012,744423,Technology,Computer Software: Prepackaged Software
NSC,Norfolk Southern Corporation Common Stock,$240.19 ,3.04,1.28%,10000,United States,,906199,Transportation,Railroads
NTAP,NetApp Inc. Common Stock,$59.99 ,1.5,2.57%,10000,United States,1995,1894264,Technology,Electronic Components
NTRS,Northern Trust Corporation Common Stock,$94.81 ,1.82,1.96%,10000,United States,,1184725,Finance,Major Banks
NUAN,Nuance Communications Inc. Common Stock,$42.06 ,0.07,0.17%,10000,United States,,2700006,Technology,Computer Software: Prepackaged Software
NUE,Nucor Corporation Common Stock,$56.42 ,1.62,2.96%,10000,United States,,1675081,Basic Industries,Steel/Iron Ore
NVDA,NVIDIA Corporation Common Stock,$542.33 ,6.49,1.21%,10000,United States,1999,5049242,Technology,Semiconductors
NVR,NVR Inc. Common Stock,$3999.99 ,0.01,0.00%,10000,United States,,30766,Capital Goods,Homebuilding
NWS,News Corporation Class B Common Stock,$18.67 ,0.1,0.54%,10000,United States,,298862,Consumer Services,Newspapers/Magazines
NWSA,News Corporation Class A Common Stock,$18.68 ,0.105,0.57%,10000,United States,,4479865,Consumer Services,Newspapers/Magazines
O,Realty Income Corporation Common Stock,$61.26 ,0.17,0.28%,10000,United States,,1883617,Consumer Services,Real Estate Investment Trusts
ODFL,Old Dominion Freight Line Inc. Common Stock,$209.25 ,2.24,1.08%,10000,United States,1991,672589,Transportation,Trucking Freight/Courier Services
OKE,ONEOK Inc. Common Stock,$40.63 ,2.14,5.56%,10000,United States,,3929078,Public Utilities,Oil & Gas Production
OKTA,Okta Inc. Class A Common Stock,$240.98 ,1.37,0.57%,10000,United States,2017,1326632,Technology,Computer Software: Prepackaged Software
OLED,Universal Display Corporation Common Stock,$236.15 ,2.67,1.14%,10000,United States,,221833,Capital Goods,Electrical Products
OMC,Omnicom Group Inc. Common Stock,$64.99 ,0.07,0.11%,10000,United States,,1997203,Technology,Advertising
ON,ON Semiconductor Corporation Common Stock,$29.92 ,0.82,2.82%,10000,United States,,7681516,Technology,Semiconductors
ORCL,Oracle Corporation Common Stock,$59.96 ,0.69,1.16%,10000,United States,1986,10872205,Technology,Computer Software: Prepackaged Software
ORLY,O'Reilly Automotive Inc. Common Stock,$450.00 ,3.5,0.78%,10000,United States,1993,321598,Consumer Services,Other Specialty Stores
OSH,Oak Street Health Inc. Common Stock,$55.02 ,2.39,4.54%,10000,United States,2020,748185,Health Care,Medical/Nursing Services
OXY,Occidental Petroleum Corporation Common Stock,$18.59 ,2.2,13.42%,10000,United States,,52796130,Energy,Oil & Gas Production
PANW,Palo Alto Networks Inc. Common Stock,$304.29 ,7.66,2.58%,10000,United States,2012,1189178,Technology,Computer peripheral equipment
PAYX,Paychex Inc. Common Stock,$94.47 ,1.17,1.25%,10000,United States,1983,1663663,Consumer Services,Diversified Commercial Services
PCAR,PACCAR Inc. Common Stock,$86.70 ,0.45,0.52%,10000,United States,,2042690,Capital Goods,Auto Manufacturing
PCG,Pacific Gas & Electric Co. Common Stock,$12.49 ,0.11,0.87%,10000,United States,,13526885,Public Utilities,Power Generation
PCTY,Paylocity Holding Corporation Common Stock,$195.72 ,0.09,0.05%,10000,United States,2014,234159,Technology,Computer Software: Prepackaged Software
PEAK,Healthpeak Properties Inc. Common Stock,$30.59 ,0.52,1.73%,10000,United States,,3376090,Consumer Services,Real Estate Investment Trusts
PEG,Public Service Enterprise Group Incorporated Common Stock,$57.63 ,0,0.00%,10000,United States,,3044993,Public Utilities,Power Generation
PEGA,Pegasystems Inc. Common Stock,$130.78 ,1.04,0.80%,10000,United States,1996,305362,Technology,EDP Services
PENN,Penn National Gaming Inc. Common Stock,$70.77 ,0.96,1.34%,10000,United States,1994,3174944,Consumer Services,Hotels/Resorts
PEP,PepsiCo Inc. Common Stock,$145.85 ,1.4,0.97%,10000,United States,,3592338,Consumer NonDurables,Beverages (Production/Distribution)
PFE,Pfizer Inc. Common Stock,$40.34 ,0.25,0.62%,10000,United States,,35271871,Health Care,Major Pharmaceuticals
PFG,Principal Financial Group Inc Common Stock,$52.28 ,0.92,1.79%,10000,United States,2001,1111363,Finance,Accident &Health Insurance
PG,Procter & Gamble Company (The) Common Stock,$137.47 ,0.13,0.10%,10000,United States,,6617232,Basic Industries,Package Goods/Cosmetics
PGR,Progressive Corporation (The) Common Stock,$89.52 ,1.22,1.38%,10000,United States,,2228466,Finance,PropertyCasualty Insurers
PH,ParkerHannifin Corporation Common Stock,$275.74 ,6.62,2.46%,10000,United States,,822763,Capital Goods,Metal Fabrications
PHM,PulteGroup Inc. Common Stock,$42.06 ,1.11,2.57%,10000,United States,,4250139,Capital Goods,Homebuilding
PKG,Packaging Corporation of America Common Stock,$133.17 ,1.63,1.24%,10000,United States,2000,512013,Consumer Durables,Containers/Packaging
PKI,PerkinElmer Inc. Common Stock,$141.78 ,3.76,2.72%,10000,United States,,750259,Capital Goods,Biotechnology: Laboratory Analytical Instruments
PLD,Prologis Inc. Common Stock,$98.66 ,1.56,1.61%,10000,United States,,3284260,Consumer Services,Real Estate Investment Trusts
PLUG,Plug Power Inc. Common Stock,$24.85 ,1,4.19%,10000,United States,1999,18396501,Energy,Industrial Machinery/Components
PM,Philip Morris International Inc Common Stock,$80.75 ,2.25,2.87%,10000,United States,,4678354,Consumer NonDurables,Farming/Seeds/Milling
PNC,PNC Financial Services Group Inc. (The) Common Stock,$142.53 ,1.28,0.91%,10000,United States,,1526051,Finance,Major Banks
PODD,Insulet Corporation Common Stock,$258.88 ,3.34,1.31%,10000,United States,2007,263451,Health Care,Medical/Dental Instruments
POOL,Pool Corporation Common Stock,$324.27 ,5.97,1.81%,10000,United States,1995,467833,Consumer Durables,Industrial Specialties
PPD,PPD Inc. Common Stock,$34.85 ,0.45,1.31%,10000,United States,2020,825044,Health Care,Biotechnology: Commercial Physical & Biological Resarch
PPG,PPG Industries Inc. Common Stock,$146.93 ,1.5,1.03%,10000,United States,,1112542,Basic Industries,Paints/Coatings
PPL,PPL Corporation Common Stock,$28.61 ,0.15,0.53%,10000,United States,,5081824,Public Utilities,Electric Utilities: Central
PRU,Prudential Financial Inc. Common Stock,$81.29 ,2.42,3.07%,10000,United States,2001,2001364,Finance,Life Insurance
PSA,Public Storage Common Stock,$224.50 ,1.54,0.68%,10000,United States,,752690,Consumer Services,Real Estate Investment Trusts
PSX,Phillips 66 Common Stock,$69.32 ,4.3,6.61%,10000,United States,,4436714,Energy,Integrated oil Companies
PTC,PTC Inc. Common Stock,$109.60 ,1.62,1.50%,10000,United States,,596878,Technology,Computer Software: Prepackaged Software
PTON,Peloton Interactive Inc. Class A Common Stock,$114.45 ,1.75,1.51%,10000,United States,2019,7340295,Energy,Consumer Electronics/Appliances
PXD,Pioneer Natural Resources Company Common Stock,$114.06 ,8.71,8.27%,10000,United States,,2574540,Energy,Oil & Gas Production
PYPL,PayPal Holdings Inc. Common Stock,$217.77 ,3.23,1.51%,10000,United States,,6206461,Miscellaneous,Business Services
QCOM,QUALCOMM Incorporated Common Stock,$157.62 ,7.71,5.14%,10000,United States,1991,12715682,Technology,Radio And Television Broadcasting And Communications Equipment
QRVO,Qorvo Inc. Common Stock,$165.35 ,6.22,3.91%,10000,United States,,1322090,Technology,Semiconductors
RCL,D/B/A Royal Caribbean Cruises Ltd. Common Stock,$82.73 ,1.67,1.98%,10000,United States,1993,8537987,Consumer Services,Marine Transportation
REGN,Regeneron Pharmaceuticals Inc. Common Stock,$492.45 ,6.39,1.28%,10000,United States,1991,960052,Health Care,Major Pharmaceuticals
RF,Regions Financial Corporation Common Stock,$16.17 ,0.14,0.87%,10000,United States,,16112132,Finance,Major Banks
RJF,Raymond James Financial Inc. Common Stock,$95.83 ,1.48,1.57%,10000,United States,,452172,Finance,Investment Bankers/Brokers/Service
RKT,Rocket Companies Inc. Class A Common Stock,$19.63 ,0.68,3.35%,10000,United States,2020,13078211,Finance,Finance: Consumer Services
RMD,ResMed Inc. Common Stock,$209.69 ,2.29,1.10%,10000,United States,,305829,Health Care,Medical/Dental Instruments
ROK,Rockwell Automation Inc. Common Stock,$247.96 ,2.72,1.11%,10000,United States,,582892,Capital Goods,Industrial Machinery/Components
ROKU,Roku Inc. Class A Common Stock,$296.38 ,7.28,2.52%,10000,United States,2017,3744148,Consumer Services,Television Services
ROL,Rollins Inc. Common Stock,$55.55 ,0.4,0.73%,10000,United States,,733964,Finance,Diversified Commercial Services
ROP,Roper Technologies Inc. Common Stock,$417.95 ,8.74,2.14%,10000,United States,1992,529803,Capital Goods,Industrial Machinery/Components
ROST,Ross Stores Inc. Common Stock,$115.24 ,2.18,1.93%,10000,United States,1985,1362745,Consumer Services,Clothing/Shoe/Accessory Stores
RPM,RPM International Inc. Common Stock,$87.04 ,0.14,0.16%,10000,United States,,288922,Basic Industries,Paints/Coatings
RPRX,Royalty Pharma plc Class A Ordinary Shares ,$42.97 ,0.68,1.61%,10000,United States,2020,988878,Health Care,Major Pharmaceuticals
RSG,Republic Services Inc. Common Stock,$95.67 ,0.92,0.97%,10000,United States,1998,2262322,Public Utilities,Environmental Services
RTX,Raytheon Technologies Corporation Common Stock,$73.91 ,0.62,0.85%,10000,United States,,9297413,Capital Goods,Aerospace
RUN,Sunrun Inc. Common Stock,$57.71 ,0.53,0.91%,10000,United States,2015,3768826,Capital Goods,Industrial Specialties
SAM,Boston Beer Company Inc. (The) Common Stock,$934.98 ,2.5,0.27%,10000,United States,,83855,Consumer NonDurables,Beverages (Production/Distribution)
SBAC,SBA Communications Corporation Class A Common Stock,$286.45 ,0.05,0.02%,10000,United States,1999,447516,Consumer Services,Real Estate Investment Trusts
SBUX,Starbucks Corporation Common Stock,$102.28 ,2.17,2.17%,10000,United States,1992,6951253,Consumer Services,Restaurants
SCCO,Southern Copper Corporation Common Stock,$61.02 ,0.71,1.18%,10000,United States,,877634,Basic Industries,Precious Metals
SCHW,Charles Schwab Corporation (The) Common Stock,$50.99 ,0.08,0.16%,10000,United States,,7369269,Finance,Investment Bankers/Brokers/Service
SE,Sea Limited American Depositary Shares each representing one Class A Ordinary Share,$198.78 ,15.25,8.31%,10000,United States,2017,11890944,Consumer Services,Other Consumer Services
SGEN,Seagen Inc. Common Stock,$179.23 ,0.93,0.52%,10000,United States,2001,574297,Health Care,Biotechnology: Biological Products (No Diagnostic Substances)
SHW,SherwinWilliams Company (The) Common Stock,$705.91 ,2.14,0.30%,10000,United States,,695671,Consumer Services,RETAIL: Building Materials
SIRI,Sirius XM Holdings Inc. Common Stock,$6.34 ,0.09,1.40%,10000,United States,,19225254,Consumer Services,Broadcasting
SIVB,SVB Financial Group Common Stock,$358.32 ,1.85,0.52%,10000,United States,,234856,Finance,Major Banks
SJM,J.M. Smucker Company (The) New Common Stock,$117.35 ,0.87,0.75%,10000,United States,,743441,Consumer NonDurables,Packaged Foods
SNAP,Snap Inc. Class A Common Stock,$48.10 ,0.15,0.31%,10000,United States,2017,13077985,Technology,Computer Software: Programming Data Processing
SNOW,Snowflake Inc. Class A Common Stock,$387.70 ,47.81,14.07%,10000,United States,2020,18537245,Technology,Computer Software: Prepackaged Software
SNPS,Synopsys Inc. Common Stock,$236.88 ,2.41,1.03%,10000,United States,1992,1057433,Technology,Computer Software: Prepackaged Software
SO,Southern Company (The) Common Stock,$61.52 ,0.36,0.58%,10000,United States,,2928676,Public Utilities,Electric Utilities: Central
SPG,Simon Property Group Inc. Common Stock,$93.91 ,4.28,4.78%,10000,United States,,5264277,Consumer Services,Real Estate Investment Trusts
SPGI,S&P Global Inc. Common Stock,$339.45 ,12.84,3.93%,10000,United States,,3059487,Finance,Finance: Consumer Services
SPLK,Splunk Inc. Common Stock,$161.07 ,3.04,1.92%,10000,United States,2012,7466354,Technology,Computer Software: Prepackaged Software
SQ,Square Inc. Class A Common Stock,$208.15 ,2.62,1.28%,10000,United States,2015,6557543,Technology,Computer Software: Prepackaged Software
SRE,Sempra Energy Common Stock,$128.17 ,3.84,2.91%,10000,United States,,2493986,Public Utilities,Natural Gas Distribution
SRPT,Sarepta Therapeutics Inc. Common Stock (DE),$158.13 ,4.8,3.13%,10000,United States,,689637,Health Care,Major Pharmaceuticals
SSNC,SS&C Technologies Holdings Inc. Common Stock,$71.13 ,0.93,1.33%,10000,United States,2010,828189,Technology,Computer Software: Prepackaged Software
STE,STERIS plc (Ireland) Ordinary Shares,$193.49 ,0.8,0.42%,10000,United States,,355804,Health Care,Industrial Specialties
STT,State Street Corporation Common Stock,$76.38 ,2.5,3.38%,10000,United States,,2130191,Finance,Major Banks
STZ,Constellation Brands Inc. Common Stock,$213.79 ,4.01,1.91%,10000,United States,,1230487,Consumer NonDurables,Beverages (Production/Distribution)
SUI,Sun Communities Inc. Common Stock,$147.80 ,3.4,2.36%,10000,United States,1993,523442,Consumer Services,Real Estate Investment Trusts
SWK,Stanley Black & Decker Inc. Common Stock,$180.85 ,1.83,1.02%,10000,United States,,1163326,Capital Goods,Industrial Machinery/Components
SWKS,Skyworks Solutions Inc. Common Stock,$150.17 ,6.46,4.50%,10000,United States,,2173595,Technology,Semiconductors
SYF,Synchrony Financial Common Stock,$32.97 ,0.62,1.92%,10000,United States,2014,4126584,Finance,Finance: Consumer Services
SYK,Stryker Corporation Common Stock,$239.59 ,4.81,2.05%,10000,United States,,844363,Health Care,Medical/Dental Instruments
SYY,Sysco Corporation Common Stock,$78.12 ,3.44,4.61%,10000,United States,,4305452,Consumer NonDurables,Food Distributors
T,AT&T Inc.,$29.54 ,0.31,1.06%,10000,United States,,37709170,Public Utilities,Telecommunications Equipment
TDG,Transdigm Group Incorporated Transdigm Group Inc. Common Stock,$605.67 ,7.03,1.17%,10000,United States,2006,215046,Capital Goods,Military/Government/Technical
TDOC,Teladoc Health Inc. Common Stock,$203.66 ,6.45,3.27%,10000,United States,2015,2444361,Health Care,Medical/Nursing Services
TDY,Teledyne Technologies Incorporated Common Stock,$392.79 ,9.16,2.39%,10000,United States,,125662,Capital Goods,Industrial Machinery/Components
TECH,BioTechne Corp Common Stock,$306.58 ,7.63,2.55%,10000,United States,,113466,Health Care,Biotechnology: Biological Products (No Diagnostic Substances)
TER,Teradyne Inc. Common Stock,$116.03 ,2.29,2.01%,10000,United States,,1167612,Capital Goods,Electrical Products
TFC,Truist Financial Corporation Common Stock,$48.23 ,0.82,1.73%,10000,United States,,4872022,Finance,Major Banks
TFX,Teleflex Incorporated Common Stock,$386.97 ,8.98,2.38%,10000,United States,,173609,Health Care,Medical/Dental Instruments
TGT,Target Corporation Common Stock,$175.03 ,0.11,0.06%,10000,United States,,2934826,Consumer Services,Department/Specialty Retail Stores
TIF,Tiffany & Co. Common Stock,$131.26 ,0.13,0.10%,10000,United States,1987,2400529,Consumer Services,Consumer Specialties
TJX,TJX Companies Inc. (The) Common Stock,$66.63 ,0.72,1.09%,10000,United States,,6593680,Consumer Services,Clothing/Shoe/Accessory Stores
TMO,Thermo Fisher Scientific Inc Common Stock,$474.62 ,2.58,0.54%,10000,United States,,1649952,Capital Goods,Industrial Machinery/Components
TMUS,TMobile US Inc. Common Stock,$131.80 ,0.61,0.47%,10000,United States,,2027900,Public Utilities,Telecommunications Equipment
TRI,Thomson Reuters Corp Ordinary Shares,$81.49 ,1.07,1.33%,10000,United States,,295470,Consumer Services,Publishing
TRMB,Trimble Inc. Common Stock,$63.02 ,2.01,3.30%,10000,United States,1990,778775,Capital Goods,Industrial Machinery/Components
TROW,T. Rowe Price Group Inc. Common Stock,$152.53 ,2.46,1.64%,10000,United States,1986,971249,Finance,Investment Bankers/Brokers/Service
TRU,TransUnion Common Stock,$94.43 ,0.67,0.72%,10000,United States,2015,635830,Finance,Finance: Consumer Services
TRV,The Travelers Companies Inc. Common Stock,$136.16 ,1.07,0.79%,10000,United States,,934619,Finance,PropertyCasualty Insurers
TSCO,Tractor Supply Company Common Stock,$134.38 ,0.42,0.31%,10000,United States,1994,1052922,Consumer Services,RETAIL: Building Materials
TSLA,Tesla Inc. Common Stock,$599.04 ,5.66,0.95%,10000,United States,2010,29231475,Capital Goods,Auto Manufacturing
TSN,Tyson Foods Inc. Common Stock,$70.10 ,0.97,1.40%,10000,United States,,2808520,Consumer NonDurables,Meat/Poultry/Fish
TTD,The Trade Desk Inc. Class A Common Stock,$903.78 ,16.6,1.87%,10000,United States,2016,503951,Technology,Computer Software: Programming Data Processing
TTWO,TakeTwo Interactive Software Inc. Common Stock,$180.73 ,0.03,0.02%,10000,United States,1997,1126504,Technology,Computer Software: Prepackaged Software
TW,Tradeweb Markets Inc. Class A Common Stock,$61.12 ,0.89,1.48%,10000,United States,2019,398423,Finance,Investment Bankers/Brokers/Service
TWLO,Twilio Inc. Class A Common Stock,$319.49 ,0.26,0.08%,10000,United States,2016,1413072,Technology,Computer Software: Prepackaged Software
TXG,10x Genomics Inc. Class A Common Stock,$149.04 ,3.82,2.63%,10000,United States,2019,661534,Capital Goods,Biotechnology: Laboratory Analytical Instruments
TXN,Texas Instruments Incorporated Common Stock,$166.52 ,4.54,2.80%,10000,United States,,3741173,Technology,Semiconductors
TXT,Textron Inc. Common Stock,$47.80 ,0.48,1.01%,10000,United States,,1000106,Capital Goods,Aerospace
TYL,Tyler Technologies Inc. Common Stock,$420.44 ,2.91,0.70%,10000,United States,,142736,Technology,Computer Software: Prepackaged Software
U,Unity Software Inc. Common Stock,$150.94 ,5.27,3.62%,10000,United States,2020,1497038,Technology,Computer Software: Prepackaged Software
UAL,United Airlines Holdings Inc. Common Stock,$49.24 ,0.67,1.34%,10000,United States,,26241626,Transportation,Air Freight/Delivery Services
UDR,UDR Inc. Common Stock,$40.68 ,0.68,1.70%,10000,United States,,1790410,Consumer Services,Real Estate Investment Trusts
UHS,Universal Health Services Inc. Common Stock,$135.18 ,2.78,2.10%,10000,United States,,339258,Health Care,Hospital/Nursing Management
UI,Ubiquiti Inc. Common Stock,$257.15 ,6.08,2.42%,10000,United States,,48651,Technology,Radio And Television Broadcasting And Communications Equipment
ULTA,Ulta Beauty Inc. Common Stock,$279.54 ,9.99,3.45%,10000,United States,2007,2705201,Consumer Services,Other Specialty Stores
UNH,UnitedHealth Group Incorporated Common Stock (DE),$349.89 ,1.21,0.35%,10000,United States,,3255099,Health Care,Medical Specialities
UNP,Union Pacific Corporation Common Stock,$206.05 ,3.79,1.87%,10000,United States,,2979900,Transportation,Railroads
UPS,United Parcel Service Inc. Common Stock,$167.25 ,0.58,0.35%,10000,United States,1999,2764717,Transportation,Trucking Freight/Courier Services
URI,United Rentals Inc. Common Stock,$245.62 ,8.67,3.66%,10000,United States,1997,783564,Technology,Diversified Commercial Services
USB,U.S. Bancorp Common Stock,$45.37 ,0.4,0.89%,10000,United States,,6634854,Finance,Major Banks
V,Visa Inc.,$212.68 ,4.63,2.23%,10000,United States,,5719543,Miscellaneous,Business Services
VAR,Varian Medical Systems Inc. Common Stock,$174.66 ,0.25,0.14%,10000,United States,,587290,Health Care,Biotechnology: Electromedical & Electrotherapeutic Apparatus
VFC,V.F. Corporation Common Stock,$89.15 ,2.93,3.40%,10000,United States,,1702532,Consumer NonDurables,Apparel
VIAC,ViacomCBS Inc. Class B Common Stock,$36.95 ,0.365,1.00%,10000,United States,,8736193,Consumer Services,Broadcasting
VIACA,ViacomCBS Inc. Class A Common Stock,$37.85 ,0.37,0.99%,10000,United States,,29212,Consumer Services,Broadcasting
VLO,Valero Energy Corporation Common Stock,$61.27 ,3.36,5.80%,10000,United States,,5204983,Energy,Integrated oil Companies
VMC,Vulcan Materials Company (Holding Company) Common Stock,$146.44 ,1.87,1.29%,10000,United States,,612800,Basic Industries,Mining & Quarrying of Nonmetallic Minerals (No Fuels)
VMW,Vmware Inc. Common stock Class A,$140.23 ,0.27,0.19%,10000,United States,2007,1439932,Technology,Computer Software: Prepackaged Software
VRSK,Verisk Analytics Inc. Common Stock,$195.68 ,1.83,0.94%,10000,United States,2009,569448,Technology,EDP Services
VRSN,VeriSign Inc. Common Stock,$203.99 ,3.18,1.58%,10000,United States,1998,554695,Technology,EDP Services
VRTX,Vertex Pharmaceuticals Incorporated Common Stock,$228.32 ,1.45,0.64%,10000,United States,1991,948698,Health Care,Major Pharmaceuticals
VTR,Ventas Inc. Common Stock,$49.46 ,0.64,1.31%,10000,United States,,1892868,Consumer Services,Real Estate Investment Trusts
VTRS,Viatris Inc. Common Stock,$17.60 ,0.23,1.32%,10000,United States,,15944598,Health Care,Major Pharmaceuticals
VZ,Verizon Communications Inc. Common Stock,$61.55 ,0.19,0.31%,10000,United States,,10495260,Public Utilities,Telecommunications Equipment
W,Wayfair Inc. Class A Common Stock,$239.35 ,0.42,0.18%,10000,United States,2014,1149624,Consumer Services,Catalog/Specialty Distribution
WAB,Westinghouse Air Brake Technologies Corporation Common Stock,$75.53 ,2.4,3.28%,10000,United States,,1034370,Capital Goods,Railroads
WAT,Waters Corporation Common Stock,$237.74 ,5.15,2.21%,10000,United States,1995,377022,Capital Goods,Biotechnology: Laboratory Analytical Instruments
WBA,Walgreens Boots Alliance Inc. Common Stock,$43.41 ,0.59,1.38%,10000,United States,,11208261,Health Care,Medical/Nursing Services
WDAY,Workday Inc. Class A Common Stock,$222.18 ,1.99,0.89%,10000,United States,,1338340,Technology,EDP Services
WDC,Western Digital Corporation Common Stock,$51.75 ,3.27,6.75%,10000,United States,,6451608,Technology,Electronic Components
WEC,WEC Energy Group Inc. Common Stock,$93.29 ,1.09,1.16%,10000,United States,,925778,Public Utilities,Power Generation
WELL,Welltower Inc. Common Stock,$64.20 ,1.01,1.60%,10000,United States,,2386229,Consumer Services,Real Estate Investment Trusts
WFC,Wells Fargo & Company Common Stock,$29.55 ,0.39,1.34%,10000,United States,,47140790,Finance,Major Banks
WHR,Whirlpool Corporation Common Stock,$184.07 ,2.82,1.51%,10000,United States,,696998,Consumer Durables,Consumer Electronics/Appliances
WLK,Westlake Chemical Corporation Common Stock,$81.62 ,3.06,3.90%,10000,United States,2004,266783,Basic Industries,Major Chemicals
WM,Waste Management Inc. Common Stock,$117.54 ,0.4,0.34%,10000,United States,,1638507,Public Utilities,Environmental Services
WMB,Williams Companies Inc. (The) Common Stock,$22.49 ,0.93,4.31%,10000,United States,,11615393,Public Utilities,Natural Gas Distribution
WMG,Warner Music Group Corp. Class A Common Stock,$29.57 ,0.4,1.34%,10000,United States,2020,844587,Consumer Services,ServicesMisc. Amusement & Recreation
WMT,Walmart Inc. Common Stock,$148.91 ,0.39,0.26%,10000,United States,,6957278,Consumer Services,Department/Specialty Retail Stores
WPC,W. P. Carey Inc. REIT,$70.16 ,0.72,1.04%,10000,United States,,602774,Consumer Services,Real Estate Investment Trusts
WRB,W.R. Berkley Corporation Common Stock,$67.59 ,0.64,0.96%,10000,United States,,565551,Finance,PropertyCasualty Insurers
WST,West Pharmaceutical Services Inc. Common Stock,$271.55 ,0.69,0.25%,10000,United States,,312422,Basic Industries,Specialty Chemicals
WTRG,Essential Utilities Inc. Common Stock,$47.56 ,0.46,0.96%,10000,United States,,1092277,Public Utilities,Water Supply
WY,Weyerhaeuser Company Common Stock,$30.72 ,1.23,4.17%,10000,United States,,7325885,Consumer Services,Real Estate Investment Trusts
WYNN,Wynn Resorts Limited Common stock,$113.50 ,5.01,4.62%,10000,United States,2002,2995989,Consumer Services,Hotels/Resorts
XEL,Xcel Energy Inc. Common Stock,$65.75 ,1.56,2.32%,10000,United States,,2265161,Public Utilities,Power Generation
XLNX,Xilinx Inc. Common Stock,$147.91 ,3.52,2.44%,10000,United States,1990,2264274,Technology,Semiconductors
XOM,Exxon Mobil Corporation Common Stock,$41.68 ,1.47,3.66%,10000,United States,,28684639,Energy,Integrated oil Companies
XPO,XPO Logistics Inc.,$119.91 ,3.51,3.02%,10000,United States,,1284486,Consumer Services,Transportation Services
XRAY,DENTSPLY SIRONA Inc. Common Stock,$53.75 ,1.6,3.07%,10000,United States,1987,1055627,Health Care,Medical/Dental Instruments
XYL,Xylem Inc. Common Stock New,$98.41 ,1.66,1.72%,10000,United States,2011,886185,Capital Goods,Fluid Controls
YUM,Yum! Brands Inc.,$105.86 ,1.34,1.28%,10000,United States,,896992,Consumer Services,Restaurants
YUMC,Yum China Holdings Inc. Common Stock,$56.76 ,0.05,0.09%,10000,United States,2016,2756171,Consumer Services,Restaurants
Z,Zillow Group Inc. Class C Capital Stock,$106.97 ,0.3,0.28%,10000,United States,,1671938,Miscellaneous,Business Services
ZBH,Zimmer Biomet Holdings Inc. Common Stock,$149.05 ,2.74,1.87%,10000,United States,,621048,Health Care,Industrial Specialties
ZBRA,Zebra Technologies Corporation Class A Common Stock,$378.47 ,6.1,1.64%,10000,United States,1991,255829,Technology,Industrial Machinery/Components
ZG,Zillow Group Inc. Class A Common Stock,$110.43 ,0.71,0.64%,10000,United States,2011,423290,Miscellaneous,Business Services
ZI,ZoomInfo Technologies Inc. Class A Common Stock,$46.11 ,0.55,1.21%,10000,United States,2020,2684303,Technology,Computer Software: Prepackaged Software
ZM,Zoom Video Communications Inc. Class A Common Stock,$410.01 ,3.53,0.85%,10000,United States,2019,4441217,Technology,Computer Software: Programming Data Processing
ZS,Zscaler Inc. Common Stock,$180.75 ,4.86,2.62%,10000,United States,2018,4340098,Technology,EDP Services
ZTS,Zoetis Inc. Class A Common Stock,$157.95 ,0.88,0.56%,10000,United States,2013,1497270,Health Care,Major Pharmaceuticals